theinkeylist.com,beauty-dtc
bybi.com,beauty-dtc
upcirclebeauty.com,beauty-dtc
qandaskin.com,beauty-dtc
trinnylondon.com,beauty-dtc
beautypie.com,beauty-dtc
refybeauty.com,beauty-dtc
elemis.com,beauty-dtc
tropicskincare.com,beauty-dtc
skinandme.com,beauty-dtc
facegym.com,beauty-dtc
medik8.com,beauty-dtc
paiskincare.com,beauty-dtc
balanceme.com,beauty-dtc
neomorganics.com,beauty-dtc
cowshed.com,beauty-dtc
thisworks.com,beauty-dtc
espaskincare.com,beauty-dtc
templespa.com,beauty-dtc
lizearle.com,beauty-dtc
emmahardie.com,beauty-dtc
sarahchapman.net,beauty-dtc
oskiaskincare.com,beauty-dtc
charlottetilbury.com,beauty-dtc
iconiclondoninc.com,beauty-dtc
revolutionbeauty.com,beauty-dtc
madebycoopers.com,beauty-dtc
mzskin.com,beauty-dtc
111skin.com,beauty-dtc
augustinusbader.com,beauty-dtc
westbarnco.com,beauty-dtc
bperfectcosmetics.com,beauty-dtc
spectrumcollections.com,beauty-dtc
haeckels.co.uk,beauty-dtc
bramleyproducts.co.uk,beauty-dtc
gallinee.com,beauty-dtc
wearewild.com,beauty-dtc
fussy.co.uk,beauty-dtc
beautykitchen.co.uk,beauty-dtc
evolvebeauty.co.uk,beauty-dtc
odylique.co.uk,beauty-dtc
greenpeople.co.uk,beauty-dtc
nealsyardremedies.com,beauty-dtc
faithinnature.co.uk,beauty-dtc
bulldogskincare.com,beauty-dtc
drpawpaw.com,beauty-dtc
byoma.com,beauty-dtc
plouise.co.uk,beauty-dtc
madebymitchell.com,beauty-dtc
beautyworksonline.com,beauty-dtc
sculptedbyaimee.com,beauty-dtc
skingredients.com,beauty-dtc
glossier.com,beauty-dtc
meritbeauty.com,beauty-dtc
kosas.com,beauty-dtc
iliabeauty.com,beauty-dtc
glowrecipe.com,beauty-dtc
gotoskincare.com,beauty-dtc
summerfridays.com,beauty-dtc
cocoandeve.com,beauty-dtc
swooneditions.com,home-dtc
cotswoldco.com,home-dtc
heals.com,home-dtc
grahamandgreen.co.uk,home-dtc
emmabridgewater.co.uk,home-dtc
procook.co.uk,home-dtc
pigletinbed.com,home-dtc
secretlinenstore.com,home-dtc
bedfolk.com,home-dtc
scooms.com,home-dtc
dusk.com,home-dtc
loaf.com,home-dtc
sofa.com,home-dtc
snugsofa.com,home-dtc
swyfthome.com,home-dtc
oakfurnitureland.co.uk,home-dtc
neptune.com,home-dtc
thewhitecompany.com,home-dtc
gardentrading.co.uk,home-dtc
nkuku.com,home-dtc
rowenandwren.co.uk,home-dtc
oliverbonas.com,home-dtc
rockettstgeorge.co.uk,home-dtc
atkinandthyme.co.uk,home-dtc
cultfurniture.com,home-dtc
danetti.com,home-dtc
simbasleep.com,home-dtc
lick.com,home-dtc
coatpaints.com,home-dtc
anniesloan.com,home-dtc
earlofeast.com,home-dtc
sofasandstuff.com,home-dtc
darlingsofchelsea.co.uk,home-dtc
frenchbedroom.co.uk,home-dtc
featherandblack.com,home-dtc
industville.co.uk,home-dtc
pooky.com,home-dtc
tomraffield.com,home-dtc
denbypottery.com,home-dtc
burleigh.co.uk,home-dtc
falconenamelware.com,home-dtc
labourandwait.co.uk,home-dtc
pandalondon.com,home-dtc
thewoolroom.com,home-dtc
soakandsleep.com,home-dtc
josephjoseph.com,home-dtc
sophieallport.com,home-dtc
lights4fun.co.uk,home-dtc
kingandmcgaw.com,home-dtc
eastendprints.co.uk,home-dtc
hovia.com,home-dtc
woodchipandmagnolia.co.uk,home-dtc
fermliving.com,home-dtc
fromourplace.com,home-dtc
carawayhome.com,home-dtc
ruggable.com,home-dtc
brooklinen.com,home-dtc
parachutehome.com,home-dtc
article.com,home-dtc
burrow.com,home-dtc
mtdtraining.com,training
impactfactory.com,training
hemsleyfraser.com,training
huthwaiteinternational.com,training
qa.com,training
firebrandtraining.co.uk,training
multiverse.io,training
corndel.com,training
makers.tech,training
northcoders.com,training
kaplan.co.uk,training
bpp.com,training
firstintuition.co.uk,training
ilxgroup.com,training
knowledgetrain.co.uk,training
schoolofcode.co.uk,training
justit.co.uk,training
balticapprenticeships.com,training
cambridgespark.com,training
decoded.com,training
themindgym.com,training
maynardleigh.co.uk,training
radabusiness.com,training
workingvoices.com,training
impactinternational.com,training
roffeypark.ac.uk,training
inpd.co.uk,training
corporatecoachgroup.com,training
stl-training.co.uk,training
pitmantraining.com,training
thecoachingacademy.com,training
babington.co.uk,training
lifetimetraining.co.uk,training
hittraining.co.uk,training
learndirect.com,training
thetrainingroom.com,training
futurefit.co.uk,training
highspeedtraining.co.uk,training
virtual-college.co.uk,training
icslearn.co.uk,training
learningpeople.com,training
e-careers.com,training
pareto.co.uk,training
tsw.co.uk,training
acuitytraining.co.uk,training
hamiltonmercer.co.uk,training
londontfe.com,training
assettrainingacademy.co.uk,training
callofthewild.co.uk,training
thelearninganddevelopmentcompany.co.uk,training
