bdo.co.uk,accountancy
grantthornton.co.uk,accountancy
rsmuk.com,accountancy
mha.co.uk,accountancy
azets.co.uk,accountancy
cooperparry.com,accountancy
bishopfleming.co.uk,accountancy
saffery.com,accountancy
menzies.co.uk,accountancy
hazlewoods.co.uk,accountancy
mooreks.co.uk,accountancy
buzzacott.co.uk,accountancy
pricebailey.co.uk,accountancy
krestonreeves.com,accountancy
larking-gowen.co.uk,accountancy
lovewell-blake.co.uk,accountancy
scruttonbland.co.uk,accountancy
ensors.co.uk,accountancy
duncantoplis.co.uk,accountancy
streetsweb.co.uk,accountancy
dains.com,accountancy
pkfsmithcooper.com,accountancy
pkf-francisclark.co.uk,accountancy
pkf-l.com,accountancy
uhy-uk.com,accountancy
hwca.com,accountancy
armstrongwatson.co.uk,accountancy
johnstoncarmichael.com,accountancy
aab.uk,accountancy
hlca.co.uk,accountancy
wyliebisset.com,accountancy
thomsoncooper.com,accountancy
bevanbuckland.co.uk,accountancy
kilsbywilliams.com,accountancy
xeinadin.com,accountancy
monahans.co.uk,accountancy
beeverstruthers.co.uk,accountancy
barnesroffe.com,accountancy
blickrothenberg.com,accountancy
bkl.co.uk,accountancy
shorts.uk.com,accountancy
hentons.com,accountancy
cliveowen.com,accountancy
ryecroftglenton.com,accountancy
mitchellcharlesworth.co.uk,accountancy
wrpartners.co.uk,accountancy
mercerhole.co.uk,accountancy
rickardluckin.co.uk,accountancy
hillierhopkins.co.uk,accountancy
alliotts.com,accountancy
geraldedelman.com,accountancy
rousepartners.co.uk,accountancy
wenntownsend.co.uk,accountancy
whitleystimpson.co.uk,accountancy
jamescowper.co.uk,accountancy
hwfisher.co.uk,accountancy
forrester-boyd.co.uk,accountancy
albertgoodman.co.uk,accountancy
milstedlangdon.co.uk,accountancy
randall-payne.co.uk,accountancy
shoosmiths.com,law
mills-reeve.com,law
birketts.co.uk,law
freeths.co.uk,law
brownejacobson.com,law
gateleyplc.com,law
irwinmitchell.com,law
weightmans.com,law
hilldickinson.com,law
brabners.com,law
wardhadaway.com,law
muckle-llp.com,law
burges-salmon.com,law
tlt.com,law
vwv.co.uk,law
ashfords.co.uk,law
footanstey.com,law
michelmores.com,law
stephens-scown.co.uk,law
clarkewillmott.com,law
rwkgoodman.com,law
thrings.com,law
wilkinchapman.co.uk,law
walkermorris.co.uk,law
clarionsolicitors.com,law
gordonsllp.com,law
jmw.co.uk,law
forbessolicitors.co.uk,law
knightsplc.com,law
higgsllp.co.uk,law
hcrlaw.com,law
shma.co.uk,law
anthonycollins.com,law
wrighthassall.co.uk,law
nelsonslaw.co.uk,law
roythornes.co.uk,law
teeslaw.com,law
ashtonslegal.co.uk,law
cripps.co.uk,law
ts-p.co.uk,law
brachers.co.uk,law
dmhstallard.com,law
mayowynnebaxter.co.uk,law
moorebarlow.com,law
trethowans.com,law
parissmith.co.uk,law
lesteraldridge.com,law
blakemorgan.co.uk,law
hughjames.com,law
geldards.com,law
capitallaw.co.uk,law
jcpsolicitors.co.uk,law
brodies.com,law
burnesspaull.com,law
harpermacleod.co.uk,law
thorntons-law.co.uk,law
blackadders.co.uk,law
kingsleynapley.co.uk,law
russell-cooke.co.uk,law
leighday.co.uk,law
